Name,Url,Table,SI
Аббасов Меджид Эльхан оглы,https://apmath.spbu.ru/fakultet/spisok-i-rejting-nauchno-pedagogicheskikh-rabotnikov/14-prepodavateli/193-abbasov-medzhid-elkhan-ogly.html,Математической теории микропроцессорных систем управления,https://www.elibrary.ru/author_items.asp?authorid=564128&show_refs=1
Александров Александр Юрьевич,https://apmath.spbu.ru/fakultet/spisok-i-rejting-nauchno-pedagogicheskikh-rabotnikov/14-prepodavateli/195-aleksandrov-aleksandr-yurevich.html,Управления медико-биологическими системами,https://www.elibrary.ru/author_items.asp?authorid=8581&show_refs=1
Алисейко Алексей Николаевич,,Теории управления,https://www.elibrary.ru/author_profile.asp?id=994608
"Аллахвердян, Александр Львович",,Кафедра математического моделирования энергетических систем,
Алферов Геннадий Викторович,https://apmath.spbu.ru/fakultet/spisok-i-rejting-nauchno-pedagogicheskikh-rabotnikov/14-prepodavateli/198-alfjorov-gennadij-viktorovich.html,Механики управляемого движения,https://www.elibrary.ru/author_items.asp?authorid=2873&show_refs=1
Андреева Татьяна Анатольевна,https://apmath.spbu.ru/fakultet/spisok-i-rejting-nauchno-pedagogicheskikh-rabotnikov/14-prepodavateli/200-andreeva-tatyana-anatolevna.html,Моделирования электромеханических и компьютерных систем,https://www.elibrary.ru/author_items.asp?authorid=829489&pubrole=100&show_refs=1&pubcat=risc
Андриянова Наталья Романовна,,Управления медико-биологическими системами,https://www.elibrary.ru/author_items.asp?authorid=1016319&pubrole=100&show_refs=1&pubcat=risc
Антонов Андрей Юрьевич,https://apmath.spbu.ru/fakultet/spisok-i-rejting-nauchno-pedagogicheskikh-rabotnikov/14-prepodavateli/202-antonov-andrej-yurevich.html,Моделирования электромеханических и компьютерных систем,https://www.elibrary.ru/author_items.asp?authorid=157332&show_refs=1
Бабушкин Максим Владимирович,,Высшей математики,
Балыкина Юлия Ефимовна,https://apmath.spbu.ru/fakultet/spisok-i-rejting-nauchno-pedagogicheskikh-rabotnikov/14-prepodavateli/204-balykina-yuliya-efimovna.html,Математического моделирования энергетических систем,https://www.elibrary.ru/author_items.asp?authorid=698959&show_refs=1
Басков Олег Владимирович,https://apmath.spbu.ru/fakultet/spisok-i-rejting-nauchno-pedagogicheskikh-rabotnikov/14-prepodavateli/205-baskov-oleg-vladimirovich.html,Высшей математики,https://www.elibrary.ru/author_items.asp?authorid=671135&show_refs=1
Башкиров Михаил Дмитриевич,,Математического моделирования энергетических систем,
Бедрина Марина Евгеньевна,https://apmath.spbu.ru/fakultet/spisok-i-rejting-nauchno-pedagogicheskikh-rabotnikov/14-prepodavateli/206-bedrina-marina-evgenevna.html,Моделирования электромеханических и компьютерных систем,https://www.elibrary.ru/author_items.asp?authorid=53307&show_refs=1
Бикбулатов Даниил Ильфатович,,Прикладной математики - процессов управления,
"Билятдинов, Камиль Закирович",,Кафедра компьютерного моделирования и многопроцессорных систем,
Блеканов Иван Станиславович,https://apmath.spbu.ru/fakultet/spisok-i-rejting-nauchno-pedagogicheskikh-rabotnikov/14-prepodavateli/207-blekanov-ivan-stanislavovich.html,Технологии программирования,https://www.elibrary.ru/author_items.asp?authorid=700009&show_refs=1
Богданов Александр Владимирович,https://apmath.spbu.ru/fakultet/spisok-i-rejting-nauchno-pedagogicheskikh-rabotnikov/14-prepodavateli/208-bogdanov-aleksandr-vladimirovich.html,Фундаментальной информатики и распределенных систем,https://www.elibrary.ru/author_items.asp?orgsid=190
Бондаренко Артем Борисович,,Математического моделирования энергетических систем,
Бочкарёв Анатолий Олегович,https://apmath.spbu.ru/fakultet/spisok-i-rejting-nauchno-pedagogicheskikh-rabotnikov/14-prepodavateli/210-bochkarjov-anatolij-olegovich.html,Высшей математики,https://www.elibrary.ru/author_items.asp?authorid=6831&show_refs=1
Булгакова Мария Александровна,https://apmath.spbu.ru/fakultet/spisok-i-rejting-nauchno-pedagogicheskikh-rabotnikov/14-prepodavateli/211-bulgakova-mariya-aleksandrovna.html,Математической теории игр и статистических решений,https://www.elibrary.ru/author_items.asp?authorid=867452&pubrole=100&show_refs=1&pubcat=risc
Буре Владимир Мансурович,https://apmath.spbu.ru/fakultet/spisok-i-rejting-nauchno-pedagogicheskikh-rabotnikov/14-prepodavateli/212-bure-vladimir-mansurovich.html,Математической теории игр и статистических решений,https://www.elibrary.ru/author_items.asp?authorid=15814&show_refs=1
Бусько Илья Владимирович,,Компьютерного моделирования и многопроцессорных систем,https://www.elibrary.ru/author_items.asp?authorid=1256692&pubrole=100&show_refs=1&pubcat=risc
"Бутырский, Евгений Юрьевич",,Кафедра теории управления,https://www.elibrary.ru/author_items.asp?authorid=559042&pubrole=100&show_refs=1&pubcat=risc
"Быкова, Мария Сергеевна",,Институт теологии СПбГУ,
Вараюнь Марина Ивановна,https://apmath.spbu.ru/fakultet/spisok-i-rejting-nauchno-pedagogicheskikh-rabotnikov/14-prepodavateli/215-varayun-marina-ivanovna.html,Моделирования электромеханических и компьютерных систем,https://www.elibrary.ru/author_items.asp?authorid=15363&show_refs=1
Ведякова Анастасия Олеговна,https://apmath.spbu.ru/fakultet/spisok-i-rejting-nauchno-pedagogicheskikh-rabotnikov/14-prepodavateli/216-vedyakova-anastasiya-olegovna.html,Компьютерных технологий и систем,https://www.elibrary.ru/author_items.asp?authorid=858125&show_refs=1
Виноградов Олег Леонидович,,Высшей математики,https://www.elibrary.ru/author_items.asp?authorid=13317&pubrole=100&show_refs=1&pubcat=risc
Виноградова Екатерина Михайловна,https://apmath.spbu.ru/fakultet/spisok-i-rejting-nauchno-pedagogicheskikh-rabotnikov/14-prepodavateli/219-vinogradova-ekaterina-mikhajlovna.html,Моделирования электромеханических и компьютерных систем,https://www.elibrary.ru/author_items.asp?authorid=8296&show_refs=1
Владимирова Людмила Васильевна,https://apmath.spbu.ru/fakultet/spisok-i-rejting-nauchno-pedagogicheskikh-rabotnikov/14-prepodavateli/220-vladimirova-lyudmila-vasilevna.html,Теории систем управления электрофизической аппаратурой,https://www.elibrary.ru/author_items.asp?authorid=15307&show_refs=1
Власова Татьяна Владиславовна,https://apmath.spbu.ru/fakultet/spisok-i-rejting-nauchno-pedagogicheskikh-rabotnikov/14-prepodavateli/221-vlasova-tatyana-vladislavovna.html,Математического моделирования энергетических систем,https://www.elibrary.ru/author_items.asp?authorid=724131&show_refs=1
"Вольф, Дмитрий Александрович",,Кафедра технологии программирования,https://www.elibrary.ru/author_items.asp?authorid=985727&pubrole=100&show_refs=1&pubcat=risc
Воронкова Ева Боруховна,https://apmath.spbu.ru/fakultet/spisok-i-rejting-nauchno-pedagogicheskikh-rabotnikov/14-prepodavateli/224-voronkova-eva-borukhovna.html,Математического моделирования энергетических систем,https://www.elibrary.ru/author_items.asp?authorid=111797&show_refs=1
Вяльцева Виктория Витальевна,,Кафедра вычислительных методов механики деформируемого тела,https://www.elibrary.ru/author_items.asp?authorid=1175666&pubrole=100&show_refs=1&pubcat=risc
Галикеев Амир Римович,,Кафедра математического моделирования энергетических систем,
Гасратова Наталья Александровна,https://apmath.spbu.ru/fakultet/spisok-i-rejting-nauchno-pedagogicheskikh-rabotnikov/14-prepodavateli/227-gasratova-natalya-aleksandrovna.html,Вычислительных методов механики деформируемого тела,https://www.elibrary.ru/author_items.asp?authorid=179916&show_refs=1
"Гирдюк, Дмитрий Викторович",,Кафедра диагностики функциональных систем,https://www.elibrary.ru/author_items.asp?authorid=1014209&pubrole=100&show_refs=1&pubcat=risc
Головкина Анна Геннадьевна,https://apmath.spbu.ru/fakultet/spisok-i-rejting-nauchno-pedagogicheskikh-rabotnikov/14-prepodavateli/228-golovkina-anna-gennadevna.html,Теории систем управления электрофизической аппаратурой,https://www.elibrary.ru/author_items.asp?authorid=680416&show_refs=1
Гончарова Анастасия Борисовна,https://apmath.spbu.ru/fakultet/spisok-i-rejting-nauchno-pedagogicheskikh-rabotnikov/14-prepodavateli/229-goncharova-anastasiya-borisovna.html,Теории систем управления электрофизической аппаратурой,https://www.elibrary.ru/author_items.asp?authorid=162873&show_refs=1
Гончарова Марина Витальевна,https://apmath.spbu.ru/fakultet/spisok-i-rejting-nauchno-pedagogicheskikh-rabotnikov/14-prepodavateli/230-goncharova-marina-vitalevna.html,Управления медико-биологическими системами,https://www.elibrary.ru/author_items.asp?authorid=178256&show_refs=1
Горшанова Анастасия,,Кафедра высшей математики,https://www.elibrary.ru/author_items.asp?authorid=1318140&pubrole=100&show_refs=1&pubcat=risc
Греков Михаил Александрович,https://apmath.spbu.ru/fakultet/spisok-i-rejting-nauchno-pedagogicheskikh-rabotnikov/14-prepodavateli/231-grekov-mikhail-aleksandrovich.html,Вычислительных методов механики деформируемого тела,https://www.elibrary.ru/author_items.asp?authorid=7255&show_refs=1
Гришкин Валерий Михайлович,https://apmath.spbu.ru/fakultet/spisok-i-rejting-nauchno-pedagogicheskikh-rabotnikov/14-prepodavateli/232-grishkin-valerij-mikhajlovich.html,Компьютерного моделирования и многопроцессорных систем,https://www.elibrary.ru/author_items.asp?authorid=11174&show_refs=1
Губар Елена Алексеевна,https://apmath.spbu.ru/fakultet/spisok-i-rejting-nauchno-pedagogicheskikh-rabotnikov/14-prepodavateli/235-gubar-elena-alekseevna.html,Математической теории игр и статистических решений,https://www.elibrary.ru/author_items.asp?authorid=131261&show_refs=1
Давыденко Александр Александрович,https://apmath.spbu.ru/fakultet/spisok-i-rejting-nauchno-pedagogicheskikh-rabotnikov/14-prepodavateli/236-davydenko-aleksandr-aleksandrovich.html,Фундаментальной информатики и распределенных систем,https://www.elibrary.ru/author_items.asp?authorid=709348&show_refs=1
Дегтярев Александр Борисович,https://apmath.spbu.ru/fakultet/spisok-i-rejting-nauchno-pedagogicheskikh-rabotnikov/14-prepodavateli/237-degtyarev-aleksandr-borisovich.html,Компьютерного моделирования и многопроцессорных систем,https://www.elibrary.ru/author_items.asp?authorid=9143&show_refs=1
"Дик, Александр Геннадьевич",,Кафедра компьютерного моделирования и многопроцессорных систем,
"Дик, Геннадий Давидович",,Кафедра компьютерного моделирования и многопроцессорных систем,
"Долгинцева, Елизавета Андреевна",,Кафедра математического моделирования энергетических систем,
Доронин Григорий Геннадьевич,,Моделирования электромеханических и компьютерных систем,https://www.elibrary.ru/author_items.asp?authorid=1230301&pubrole=100&show_refs=1&pubcat=risc
Дривотин Олег Игоревич,https://apmath.spbu.ru/fakultet/spisok-i-rejting-nauchno-pedagogicheskikh-rabotnikov/14-prepodavateli/238-drivotin-oleg-igorevich.html,Теории систем управления электрофизической аппаратурой,https://www.elibrary.ru/author_items.asp?authorid=11162&show_refs=1
"Дромашко, Максим Сергеевич",,Кафедра математического моделирования энергетических систем,
Евстафьева Виктория Викторовна,https://apmath.spbu.ru/fakultet/spisok-i-rejting-nauchno-pedagogicheskikh-rabotnikov/14-prepodavateli/240-evstafeva-viktoriya-viktorovna.html,Высшей математики,https://www.elibrary.ru/author_items.asp?authorid=17198&show_refs=1
Евстафьева Ирина Александровна,https://apmath.spbu.ru/fakultet/spisok-i-rejting-nauchno-pedagogicheskikh-rabotnikov/14-prepodavateli/239-evstafeva-irina-aleksandrovna.html,Вычислительных методов механики деформируемого тела,https://www.elibrary.ru/author_items.asp?authorid=772163&pubrole=100&show_refs=1&pubcat=risc
Егоров Алексей Валерьевич,https://apmath.spbu.ru/fakultet/spisok-i-rejting-nauchno-pedagogicheskikh-rabotnikov/14-prepodavateli/242-egorov-aleksej-valerevich.html,Теории управления,https://www.elibrary.ru/author_items.asp?authorid=702990&pubrole=100&show_refs=1&pubcat=risc
Егоров Николай Васильевич,https://apmath.spbu.ru/fakultet/spisok-i-rejting-nauchno-pedagogicheskikh-rabotnikov/14-prepodavateli/241-egorov-nikolaj-vasilevich.html,Моделирования электромеханических и компьютерных систем,https://www.elibrary.ru/author_items.asp?authorid=7842&show_refs=1
Едаменко Николай Семенович,https://apmath.spbu.ru/fakultet/spisok-i-rejting-nauchno-pedagogicheskikh-rabotnikov/14-prepodavateli/243-edamenko-nikolaj-semjonovich.html,Теории систем управления электрофизической аппаратурой,https://www.elibrary.ru/author_items.asp?authorid=11161&show_refs=1
Екимов Александр Валерьевич,https://apmath.spbu.ru/fakultet/spisok-i-rejting-nauchno-pedagogicheskikh-rabotnikov/14-prepodavateli/244-ekimov-aleksandr-valerevich.html,Моделирования экономических систем,https://www.elibrary.ru/author_items.asp?authorid=75734&show_refs=1
Елизарова Марина Владиславовна,,Диагностики функциональных систем,
Еремин Алексей Сергеевич,https://apmath.spbu.ru/fakultet/spisok-i-rejting-nauchno-pedagogicheskikh-rabotnikov/14-prepodavateli/245-eremin-aleksej-sergeevich.html,Информационных систем,https://www.elibrary.ru/author_items.asp?authorid=200791&show_refs=1
Ефимова Полина Александровна,https://apmath.spbu.ru/fakultet/spisok-i-rejting-nauchno-pedagogicheskikh-rabotnikov/14-prepodavateli/246-efimova-polina-aleksandrovna.html,Механики управляемого движения,https://www.elibrary.ru/author_items.asp?authorid=795383&pubrole=100&show_refs=1&pubcat=risc
Жабко Алексей Петрович,https://apmath.spbu.ru/fakultet/spisok-i-rejting-nauchno-pedagogicheskikh-rabotnikov/14-prepodavateli/247-zhabko-aleksej-petrovich.html,Теории управления,https://www.elibrary.ru/author_items.asp?authorid=6601&show_refs=1
Жабко Наталия Алексеевна,https://apmath.spbu.ru/fakultet/spisok-i-rejting-nauchno-pedagogicheskikh-rabotnikov/14-prepodavateli/248-zhabko-nataliya-alekseevna.html,Компьютерных технологий и систем,https://www.elibrary.ru/author_items.asp?authorid=320509&show_refs=1
Жукова Наталия Александровна,,Компьютерного моделирования и многопроцессорных систем,
Завадский Сергей Вячеславович,https://apmath.spbu.ru/fakultet/spisok-i-rejting-nauchno-pedagogicheskikh-rabotnikov/14-prepodavateli/249-zavadskij-sergej-vyacheslavovich.html,Теории систем управления электрофизической аппаратурой,https://www.elibrary.ru/author_items.asp?authorid=610174&show_refs=1
Зараник Ульяна Петровна,https://apmath.spbu.ru/fakultet/spisok-i-rejting-nauchno-pedagogicheskikh-rabotnikov/14-prepodavateli/251-zaranik-ulyana-petrovna.html,Теории управления,https://www.elibrary.ru/author_items.asp?authorid=799428&pubrole=100&show_refs=1&pubcat=risc
Захаров Виктор Васильевич,https://apmath.spbu.ru/fakultet/spisok-i-rejting-nauchno-pedagogicheskikh-rabotnikov/14-prepodavateli/252-zakharov-viktor-vasilevich.html,Математического моделирования энергетических систем,https://www.elibrary.ru/author_items.asp?authorid=5502&show_refs=1
"Зенкевич, Николай Анатольевич",,Кафедра операционного менеджмента,https://www.elibrary.ru/author_items.asp?authorid=5503&pubrole=100&show_refs=1&pubcat=risc
Зубов Сергей Владимирович,https://apmath.spbu.ru/fakultet/spisok-i-rejting-nauchno-pedagogicheskikh-rabotnikov/14-prepodavateli/256-zubov-sergej-vladimirovich.html,Математической теории микропроцессорных систем управления,https://www.elibrary.ru/author_items.asp?authorid=10171&show_refs=1
Иванов Геннадий Григорьевич,,Механики управляемого движения,
"Иванский, Юрий Владимирович",,Кафедра экономической кибернетики,https://www.elibrary.ru/author_items.asp?authorid=779810&pubrole=100&show_refs=1&pubcat=risc
"Ильин, Александр Алексеевич",,Кафедра вычислительных методов механики деформируемого тела,https://www.elibrary.ru/author_items.asp?authorid=1268742&pubrole=100&show_refs=1&pubcat=risc
Кабриц Сергей Александрович,https://apmath.spbu.ru/fakultet/spisok-i-rejting-nauchno-pedagogicheskikh-rabotnikov/14-prepodavateli/258-kabrits-sergej-aleksandrovich.html,Вычислительных методов механики деформируемого тела,https://www.elibrary.ru/author_items.asp?authorid=114253&pubrole=100&show_refs=1&pubcat=risc
Калинина Елизавета Александровна,https://apmath.spbu.ru/fakultet/spisok-i-rejting-nauchno-pedagogicheskikh-rabotnikov/14-prepodavateli/259-kalinina-elizaveta-aleksandrovna.html,Высшей математики,https://www.elibrary.ru/author_items.asp?authorid=17761&show_refs=1
Камачкин Александр Михайлович,https://apmath.spbu.ru/fakultet/spisok-i-rejting-nauchno-pedagogicheskikh-rabotnikov/14-prepodavateli/260-kamachkin-aleksandr-mikhajlovich.html,Высшей математики,https://www.elibrary.ru/author_items.asp?authorid=730497&show_refs=1
Кареева Юлия Сергеевна,,Кафедра математической теории игр и статистических решений,https://www.elibrary.ru/author_items.asp?authorid=1261018&pubrole=100&show_refs=1&pubcat=risc
Квитко Александр Николаевич,https://apmath.spbu.ru/fakultet/spisok-i-rejting-nauchno-pedagogicheskikh-rabotnikov/14-prepodavateli/264-kvitko-aleksandr-nikolaevich.html,Информационных систем,https://www.elibrary.ru/author_items.asp?authorid=11348&show_refs=1
"Кижаева, Наталья Александровна",,Кафедра математической теории экономических решений,https://www.elibrary.ru/author_items.asp?authorid=1172976&pubrole=100&show_refs=1&pubcat=risc
Киямов Жасур Уткирович,,Компьютерного моделирования и многопроцессорных систем,https://www.elibrary.ru/author_items.asp?authorid=1206939&pubrole=100&show_refs=1&pubcat=risc
Клемешев Владимир Алексеевич,https://apmath.spbu.ru/fakultet/spisok-i-rejting-nauchno-pedagogicheskikh-rabotnikov/14-prepodavateli/266-klemeshev-vladimir-alekseevich.html,Моделирования электромеханических и компьютерных систем,https://www.elibrary.ru/author_items.asp?authorid=140743&show_refs=1
Князькин Ярослав Вячеславович,,Компьютерных технологий и систем,https://www.elibrary.ru/author_items.asp?authorid=1007418&pubrole=100&show_refs=1&pubcat=risc
Ковшов Александр Михайлович,https://apmath.spbu.ru/fakultet/spisok-i-rejting-nauchno-pedagogicheskikh-rabotnikov/14-prepodavateli/268-kovshov-aleksandr-mikhajlovich.html,Моделирования экономических систем,https://www.elibrary.ru/author_items.asp?authorid=9892&show_refs=1
"Козловская, Надежда Владимировна",,Кафедра экономической кибернетики,https://www.elibrary.ru/author_items.asp?authorid=606248&pubrole=100&show_refs=1&pubcat=risc
Козынченко Владимир Александрович,https://apmath.spbu.ru/fakultet/spisok-i-rejting-nauchno-pedagogicheskikh-rabotnikov/14-prepodavateli/269-kozynchenko-vladimir-aleksandrovich.html,Теории систем управления электрофизической аппаратурой,https://www.elibrary.ru/author_items.asp?authorid=122469&show_refs=1
Корников Владимир Васильевич,https://apmath.spbu.ru/fakultet/spisok-i-rejting-nauchno-pedagogicheskikh-rabotnikov/14-prepodavateli/275-kornikov-vladimir-vasilevich.html,Управления медико-биологическими системами,https://www.elibrary.ru/author_items.asp?authorid=7711&show_refs=1
Коровкин Максим Васильевич,https://apmath.spbu.ru/fakultet/spisok-i-rejting-nauchno-pedagogicheskikh-rabotnikov/14-prepodavateli/276-korovkin-maksim-vasilevich.html,Компьютерных технологий и систем,https://www.elibrary.ru/author_items.asp?authorid=225690&show_refs=1
Королев Владимир Степанович,https://apmath.spbu.ru/fakultet/spisok-i-rejting-nauchno-pedagogicheskikh-rabotnikov/14-prepodavateli/277-korolev-vladimir-stepanovich.html,Механики управляемого движения,https://www.elibrary.ru/author_items.asp?authorid=7342&show_refs=1
Корхов Владимир Владиславович,https://apmath.spbu.ru/fakultet/spisok-i-rejting-nauchno-pedagogicheskikh-rabotnikov/14-prepodavateli/279-korkhov-vladimir-vladislavovich.html,Компьютерного моделирования и многопроцессорных систем,https://www.elibrary.ru/author_items.asp?authorid=108869&show_refs=1
Костромин Сергей Александрович,https://apmath.spbu.ru/fakultet/spisok-i-rejting-nauchno-pedagogicheskikh-rabotnikov/14-prepodavateli/280-kostromin-sergej-aleksandrovich.html,Информационных и ядерных технологий,
Костырко Сергей Алексеевич,https://apmath.spbu.ru/fakultet/spisok-i-rejting-nauchno-pedagogicheskikh-rabotnikov/14-prepodavateli/281-kostyrko-sergej-alekseevich.html,Вычислительных методов механики деформируемого тела,https://www.elibrary.ru/author_items.asp?authorid=163014&show_refs=1
Котина Елена Дмитриевна,https://apmath.spbu.ru/fakultet/spisok-i-rejting-nauchno-pedagogicheskikh-rabotnikov/14-prepodavateli/282-kotina-elena-dmitrievna.html,Диагностики функциональных систем,https://www.elibrary.ru/author_items.asp?authorid=15306&pubrole=100&show_refs=1&pubcat=risc
Кочевадов Виталий Алексеевич,,Математической теории экономических решений,https://www.elibrary.ru/author_items.asp?authorid=662849&pubrole=100&show_refs=1&pubcat=risc
Кривовичев Герасим Владимирович,https://apmath.spbu.ru/fakultet/spisok-i-rejting-nauchno-pedagogicheskikh-rabotnikov/14-prepodavateli/283-krivovichev-gerasim-vladimirovich.html,Моделирования электромеханических и компьютерных систем,https://www.elibrary.ru/author_items.asp?authorid=612243&show_refs=1
Кривошеин Александр Владимирович,https://apmath.spbu.ru/fakultet/spisok-i-rejting-nauchno-pedagogicheskikh-rabotnikov/14-prepodavateli/284-krivoshein-aleksandr-vladimirovich.html,Высшей математики,https://www.elibrary.ru/author_items.asp?authorid=669568&show_refs=1
Крылатов Александр Юрьевич,https://apmath.spbu.ru/fakultet/spisok-i-rejting-nauchno-pedagogicheskikh-rabotnikov/14-prepodavateli/285-krylatov-aleksandr-yurevich.html,Математической теории экономических решений,https://www.elibrary.ru/author_items.asp?authorid=699453&show_refs=1
Кудрявцева Галина Васильевна,https://apmath.spbu.ru/fakultet/spisok-i-rejting-nauchno-pedagogicheskikh-rabotnikov/14-prepodavateli/287-kudryavtseva-galina-vasilevna.html,Диагностики функциональных систем,https://www.elibrary.ru/author_items.asp?authorid=85429&pubrole=100&show_refs=1&pubcat=risc
"Кузнецова, Дарья Сергеевна",,Кафедра математической теории экономических решений,https://www.elibrary.ru/author_items.asp?authorid=1270243&pubrole=100&show_refs=1&pubcat=risc
Кузютин Денис Вячеславович,https://apmath.spbu.ru/fakultet/spisok-i-rejting-nauchno-pedagogicheskikh-rabotnikov/14-prepodavateli/288-kuzyutin-denis-vyacheslavovich.html,Математической теории игр и статистических решений,https://www.elibrary.ru/author_items.asp?authorid=11324&show_refs=1
Купцова Светлана Евгеньевна,https://apmath.spbu.ru/fakultet/spisok-i-rejting-nauchno-pedagogicheskikh-rabotnikov/14-prepodavateli/291-kuptsova-svetlana-evgenevna.html,Теории управления,https://www.elibrary.ru/author_items.asp?authorid=708996&pubrole=100&show_refs=1&pubcat=risc
Куранов Дмитрий Юрьевич,https://apmath.spbu.ru/fakultet/spisok-i-rejting-nauchno-pedagogicheskikh-rabotnikov/14-prepodavateli/292-kuranov-dmitrij-yurevich.html,Моделирования электромеханических и компьютерных систем,https://www.elibrary.ru/author_items.asp?authorid=706878&show_refs=1
Курбатова Галина Ибрагимовна,https://apmath.spbu.ru/fakultet/spisok-i-rejting-nauchno-pedagogicheskikh-rabotnikov/14-prepodavateli/293-kurbatova-galina-ibragimovna.html,Моделирования электромеханических и компьютерных систем,https://www.elibrary.ru/author_items.asp?authorid=7982&show_refs=1
Лебедева Елена Александровна,,Кафедра высшей математики,https://www.elibrary.ru/author_items.asp?authorid=239969&pubrole=100&show_refs=1&pubcat=risc
Лежнина Елена Александровна,https://apmath.spbu.ru/fakultet/spisok-i-rejting-nauchno-pedagogicheskikh-rabotnikov/14-prepodavateli/294-lezhnina-elena-aleksandrovna.html,Математической теории экономических решений,https://www.elibrary.ru/author_items.asp?authorid=11322&show_refs=1
"Логин, Григорий Леонидович",,Кафедра математического моделирования энергетических систем,
"Луценко, Михаил Михайлович",,Кафедра математической теории игр и статистических решений,
Мазалов Владимир Викторович,,Моделирования экономических систем,
Маковеева Полина Евгеньевна,,Теории управления,https://www.elibrary.ru/author_items.asp?authorid=1191219&pubrole=100&show_refs=1&pubcat=risc
"Максимов, Алексей Юрьевич",,Кафедра технологии программирования,https://www.elibrary.ru/author_items.asp?authorid=930711&pubrole=100&show_refs=1&pubcat=risc
Малафеев Олег Алексеевич,https://apmath.spbu.ru/fakultet/spisok-i-rejting-nauchno-pedagogicheskikh-rabotnikov/14-prepodavateli/297-malafeev-oleg-alekseevich.html,Моделирования социально-экономических систем,https://www.elibrary.ru/author_items.asp?authorid=142010&pubrole=100&show_refs=1&pubcat=risc
"Малинина, Мария Анатольевна",,Кафедра технологии программирования,
Малькова Юлия Вениаминовна,https://apmath.spbu.ru/fakultet/spisok-i-rejting-nauchno-pedagogicheskikh-rabotnikov/14-prepodavateli/300-malkova-yuliya-veniaminovna.html,Моделирования электромеханических и компьютерных систем,https://www.elibrary.ru/author_items.asp?authorid=163015&show_refs=1
Мареев Владимир Владимирович,https://apmath.spbu.ru/fakultet/spisok-i-rejting-nauchno-pedagogicheskikh-rabotnikov/14-prepodavateli/301-mareev-vladimir-vladimirovich.html,Компьютерного моделирования и многопроцессорных систем,https://www.elibrary.ru/author_items.asp?authorid=12924&pubrole=100&show_refs=1&pubcat=risc
Марченко Ирина Владимировна,https://apmath.spbu.ru/fakultet/spisok-i-rejting-nauchno-pedagogicheskikh-rabotnikov/14-prepodavateli/302-marchenko-irina-vladimirovna.html,Математической теории игр и статистических решений,https://www.elibrary.ru/author_items.asp?authorid=773874&pubrole=100&show_refs=1&pubcat=risc
"Матвеенко, Дмитрий Александрович",,Факультет прикладной математики-процессов управления,
Матросов Александр Васильевич,https://apmath.spbu.ru/fakultet/spisok-i-rejting-nauchno-pedagogicheskikh-rabotnikov/14-prepodavateli/304-matrosov-aleksandr-vasilevich.html,Информационных систем,https://www.elibrary.ru/author_items.asp?authorid=192644&show_refs=1
Матюхин Александр Юрьевич,,Кафедра математического моделирования энергетических систем,
Мешков Игорь Николаевич,https://apmath.spbu.ru/fakultet/spisok-i-rejting-nauchno-pedagogicheskikh-rabotnikov/14-prepodavateli/305-meshkov-igor-nikolaevich.html,Информационных и ядерных технологий,
"Минеев, Анатолий Борисович",,Кафедра теории систем управления электрофизической аппаратурой,https://www.elibrary.ru/author_items.asp?authorid=662451&pubrole=100&show_refs=1&pubcat=risc
Митрофанов Евгений Павлович,,Технологии программирования,https://www.elibrary.ru/author_items.asp?authorid=793723&pubrole=100&show_refs=1&pubcat=risc
Митрофанова Ольга Александровна,https://apmath.spbu.ru/fakultet/spisok-i-rejting-nauchno-pedagogicheskikh-rabotnikov/14-prepodavateli/309-mitrofanova-olga-aleksandrovna.html,Технологии программирования,https://www.elibrary.ru/author_items.asp?authorid=793740&show_refs=1
Михеев Сергей Евгеньевич,https://apmath.spbu.ru/fakultet/spisok-i-rejting-nauchno-pedagogicheskikh-rabotnikov/14-prepodavateli/311-mikheev-sergej-evgenevich.html,Математической теории микропроцессорных систем управления,https://www.elibrary.ru/author_items.asp?authorid=11175&show_refs=1
Мишенин Алексей Николаевич,https://apmath.spbu.ru/fakultet/spisok-i-rejting-nauchno-pedagogicheskikh-rabotnikov/14-prepodavateli/312-mishenin-aleksej-nikolaevich.html,Технологии программирования,https://www.elibrary.ru/author_items.asp?authorid=898299&pubrole=100&show_refs=1&pubcat=risc
Молин Александр Евгеньевич,,Технологии программирования,
Морозов Пётр Дмитриевич,,Математической теории экономических решений,https://www.elibrary.ru/author_items.asp?authorid=1001622&pubrole=100&show_refs=1&pubcat=risc
Мышков Станислав Константинович,https://apmath.spbu.ru/fakultet/spisok-i-rejting-nauchno-pedagogicheskikh-rabotnikov/14-prepodavateli/314-myshkov-stanislav-konstantinovich.html,Математической теории микропроцессорных систем управления,https://www.elibrary.ru/author_items.asp?authorid=9733&show_refs=1
Ндиайе Серинь Моду,,Математического моделирования энергетических систем,https://www.elibrary.ru/author_items.asp?authorid=1233917&pubrole=100&show_refs=1&pubcat=risc
"Непиющих, Дмитрий Викторович",,Кафедра технологии программирования,
Никифоров Константин Аркадьевич,https://apmath.spbu.ru/fakultet/spisok-i-rejting-nauchno-pedagogicheskikh-rabotnikov/14-prepodavateli/315-nikiforov-konstantin-arkadevich.html,Моделирования электромеханических и компьютерных систем,https://www.elibrary.ru/author_items.asp?authorid=165997&show_refs=1
Новожилова Лидия Михайловна,https://apmath.spbu.ru/fakultet/spisok-i-rejting-nauchno-pedagogicheskikh-rabotnikov/14-prepodavateli/316-novozhilova-lidiya-mikhajlovna.html,Моделирования социально-экономических систем,https://www.elibrary.ru/author_items.asp?authorid=15711&show_refs=1
"Никольская, Анастасия Николаевна",,Кафедра компьютерного моделирования и многопроцессорных систем,https://www.elibrary.ru/author_items.asp?authorid=999130&pubrole=100&show_refs=1&pubcat=risc
Овсянников Александр Дмитриевич,https://apmath.spbu.ru/fakultet/spisok-i-rejting-nauchno-pedagogicheskikh-rabotnikov/14-prepodavateli/318-ovsyannikov-aleksandr-dmitrievich.html,Технологии программирования,https://www.elibrary.ru/author_items.asp?authorid=11333&show_refs=1
Овсянников Дмитрий Александрович,https://apmath.spbu.ru/fakultet/spisok-i-rejting-nauchno-pedagogicheskikh-rabotnikov/14-prepodavateli/319-ovsyannikov-dmitrij-aleksandrovich.html,Теории систем управления электрофизической аппаратурой,https://www.elibrary.ru/author_items.asp?authorid=6602&show_refs=1
Олемской Игорь Владимирович,https://apmath.spbu.ru/fakultet/spisok-i-rejting-nauchno-pedagogicheskikh-rabotnikov/14-prepodavateli/320-olemskoj-igor-vladimirovich.html,Информационных систем,https://www.elibrary.ru/author_items.asp?authorid=31097&show_refs=1
Орехов Андрей Владимирович,https://apmath.spbu.ru/fakultet/spisok-i-rejting-nauchno-pedagogicheskikh-rabotnikov/14-prepodavateli/321-orekhov-andrej-vladimirovich.html,Диагностики функциональных систем,https://www.elibrary.ru/author_items.asp?authorid=720244&show_refs=1
"Орехов, Михаил Юрьевич",,Кафедра технологии программирования,
Панкратова Ярославна Борисовна,,Математической теории игр и статистических решений,https://www.elibrary.ru/author_items.asp?authorid=591806&pubrole=100&show_refs=1&pubcat=risc
Парилина Елена Михайловна,,Математической теории игр и статистических решений,https://www.elibrary.ru/author_items.asp?authorid=604853&pubrole=100&show_refs=1&pubcat=risc
Парфенов Андрей Павлович,,Диагностики функциональных систем,https://www.elibrary.ru/author_items.asp?authorid=170144&pubrole=100&show_refs=1&pubcat=risc
Перегудин Сергей Иванович,,Информационных систем,https://www.elibrary.ru/author_items.asp?authorid=113238&pubrole=100&show_refs=1&pubcat=risc
"Першин, Антон Юрьевич",,Кафедра фундаментальной информатики и распределенных систем,
Петросян Леон Аганесович,https://apmath.spbu.ru/fakultet/spisok-i-rejting-nauchno-pedagogicheskikh-rabotnikov/14-prepodavateli/330-petrosyan-leon-aganesovich.html,Математической теории игр и статистических решений,https://www.elibrary.ru/author_items.asp?authorid=111902&show_refs=1
Петросян Ованес Леонович,,Математического моделирования энергетических систем,https://www.elibrary.ru/author_items.asp?authorid=898902&pubrole=100&show_refs=1&pubcat=risc
Петрушин Алексей Федорович,,Кафедра математической теории микропроцессорных систем управления,https://www.elibrary.ru/author_items.asp?authorid=407855&pubrole=100&show_refs=1&pubcat=risc
"Петряков, Иван Владимирович",,Кафедра компьютерного моделирования и многопроцессорных систем,
"Печников, Андрей Анатольевич",,Кафедра технологии программирования,
Платонов Алексей Викторович,,Управления медико-биологическими системами,https://www.elibrary.ru/author_items.asp?authorid=17760&pubrole=100&show_refs=1&pubcat=risc
"Погожев, Сергей Владимирович",,Кафедра компьютерных технологий и систем,https://www.elibrary.ru/author_items.asp?authorid=410287&pubrole=100&show_refs=1&pubcat=risc
"Подолякина, Мария Сергеевна",,Факультет прикладной математики-процессов управления,
Полякова Людмила Николаевна,,Математической теории микропроцессорных систем управления,https://www.elibrary.ru/author_items.asp?authorid=9728&pubrole=100&show_refs=1&pubcat=risc
Попова Светлана Владимировна,,Технологии программирования,https://www.elibrary.ru/author_items.asp?authorid=644656&pubrole=100&show_refs=1&pubcat=risc
Потапов Дмитрий Константинович,,Высшей математики,https://www.elibrary.ru/author_items.asp?authorid=112132&pubrole=100&show_refs=1&pubcat=risc
Потоцкая Ирина Юрьевна,,Механики управляемого движения,https://www.elibrary.ru/author_items.asp?authorid=33732&pubrole=100&show_refs=1&pubcat=risc
Пронина Юлия Григорьевна,,Вычислительных методов механики деформируемого тела,https://www.elibrary.ru/author_items.asp?authorid=13855&pubrole=100&show_refs=1&pubcat=risc
Пупышева Юлия Юрьевна,,Механики управляемого движения,https://www.elibrary.ru/author_items.asp?authorid=909920&pubrole=100&show_refs=1&pubcat=risc
Раевская Анастасия Павловна,,Математической теории экономических решений,https://www.elibrary.ru/author_items.asp?authorid=858648&pubrole=100&show_refs=1&pubcat=risc
Распопова Наталья Викторовна,,Фундаментальной информатики и распределенных систем,https://www.elibrary.ru/author_items.asp?authorid=600458&pubrole=100&show_refs=1&pubcat=risc
Розенгард Александр Сергеевич,,Кафедра математического моделирования энергетических систем,
Романычев Леонид Романович,,Компьютерного моделирования и многопроцессорных систем,
Рубцова Ирина Деонисовна,,Теории систем управления электрофизической аппаратурой,https://www.elibrary.ru/author_items.asp?authorid=15304&pubrole=100&show_refs=1&pubcat=risc
"Рыбалкин, Алексей Александрович",,Кафедра механики управляемого движения,
Рычков Андрей Сергеевич,,Теории управления,
"Саакян, Артур Темиевич",,Кафедра механики управляемого движения,https://www.elibrary.ru/author_items.asp?authorid=1109869&pubrole=100&show_refs=1&pubcat=risc
"Салимов, Богдан Ильшатович",,Кафедра математического моделирования энергетических систем,
"Сачков, Александр Валерьевич",,Кафедра моделирования экономических систем,https://www.elibrary.ru/author_items.asp?authorid=1196560&pubrole=100&show_refs=1&pubcat=risc
Свиркин Михаил Владимирович,,Математического моделирования энергетических систем,https://www.elibrary.ru/author_items.asp?authorid=179915&pubrole=100&show_refs=1&pubcat=risc
Севостьянов Руслан Андреевич,,Компьютерных технологий и систем,https://www.elibrary.ru/author_items.asp?authorid=814469&pubrole=100&show_refs=1&pubcat=risc
Севрюков Сергей Юрьевич,,Технологии программирования,https://www.elibrary.ru/author_items.asp?authorid=131471&pubrole=100&show_refs=1&pubcat=risc
Седаков Артем Александрович,,Математической теории игр и статистических решений,https://www.elibrary.ru/author_items.asp?authorid=679539&pubrole=100&show_refs=1&pubcat=risc
Седых Георгий Сергеевич,,Кафедра информационных и ядерных технологий,
Сергеев Сергей Львович,,Технологии программирования,https://www.elibrary.ru/author_items.asp?authorid=100895&pubrole=100&show_refs=1&pubcat=risc
Сидорин Анатолий Олегович,,Информационных и ядерных технологий,
Скопина Мария Александровна,,Высшей математики,https://www.elibrary.ru/author_items.asp?authorid=7712&pubrole=100&show_refs=1&pubcat=risc
Смирнов Михаил Николаевич,,Компьютерных технологий и систем,https://www.elibrary.ru/author_items.asp?authorid=126054&pubrole=100&show_refs=1&pubcat=risc
Смирнов Николай Васильевич,,Моделирования экономических систем,
Смирнова Мария Александровна,,Компьютерных технологий и систем,https://www.elibrary.ru/author_items.asp?authorid=724030&pubrole=100&show_refs=1&pubcat=risc
Смирнова Татьяна Евгеньевна,,Моделирования социально-экономических систем,https://www.elibrary.ru/author_items.asp?authorid=746308&pubrole=100&show_refs=1&pubcat=risc
Соболев Сергей Павлович,,Моделирования электромеханических и компьютерных систем,
Соколов Вадим Михайлович,,Теории управления,https://www.elibrary.ru/author_items.asp?authorid=1215820&pubrole=100&show_refs=1&pubcat=risc
Сотникова Маргарита Викторовна,,Компьютерных технологий и систем,https://www.elibrary.ru/author_items.asp?authorid=552822&pubrole=100&show_refs=1&pubcat=risc
Станкова Елена Николаевна,,Компьютерного моделирования и многопроцессорных систем,https://www.elibrary.ru/author_items.asp?authorid=15289&pubrole=100&show_refs=1&pubcat=risc
Степенко Николай Анатольевич,,Фундаментальной информатики и распределенных систем,https://www.elibrary.ru/author_items.asp?authorid=443299&pubrole=100&show_refs=1&pubcat=risc
Сычевский Сергей Евгеньевич,,Теории систем управления электрофизической аппаратурой,https://www.elibrary.ru/author_items.asp?authorid=22823&pubrole=100&show_refs=1&pubcat=risc
Сюн Ихань,,Кафедра математического моделирования энергетических систем,
Тайницкий Владислав Александрович,,Математической теории игр и статистических решений,https://www.elibrary.ru/author_items.asp?authorid=944867&pubrole=100&show_refs=1&pubcat=risc
Терещенко Дмитрий Владиславович,,Компьютерного моделирования и многопроцессорных систем,https://www.elibrary.ru/author_items.asp?authorid=1104569&pubrole=100&show_refs=1&pubcat=risc
Трофимов Василий Валерьевич,,Моделирования электромеханических и компьютерных систем,https://www.elibrary.ru/author_items.asp?authorid=658064&pubrole=100&show_refs=1&pubcat=risc
Трофимова Инна Владимировна,,Моделирования экономических систем,https://www.elibrary.ru/author_items.asp?authorid=792250&pubrole=100&show_refs=1&pubcat=risc
Тур Анна Викторовна,,Математической теории игр и статистических решений,https://www.elibrary.ru/author_items.asp?authorid=563900&pubrole=100&show_refs=1&pubcat=risc
"У, Хайтао",,Кафедра математического моделирования энергетических систем,
"Уланов, Александр Владимирович",,Кафедра технологии программирования,
Улицкая Анастасия Юрьевна,,Кафедра высшей математики,https://www.elibrary.ru/author_items.asp?authorid=1181034&pubrole=100&show_refs=1&pubcat=risc
Утешев Алексей Юрьевич,,Управления медико-биологическими системами,https://www.elibrary.ru/author_items.asp?authorid=3188&pubrole=100&show_refs=1&pubcat=risc
Фирюлина Оксана Сергеевна,,Информационных систем,https://www.elibrary.ru/author_items.asp?authorid=811058&pubrole=100&show_refs=1&pubcat=risc
"Флегонтов, Александр Владимирович",,Кафедра теории управления,
Фоминых Александр Владимирович,,Управления медико-биологическими системами,https://www.elibrary.ru/author_items.asp?authorid=861578&pubrole=100&show_refs=1&pubcat=risc
Фролов Михаил Алексеевич,,Факультет прикладной математики-процессов управления,
"Фурсов, Дмитрий Викторович",,Кафедра математической теории экономических решений,https://www.elibrary.ru/author_profile.asp?id=1077369
Хабарова Елена Михайловна,,Кафедра информационных и ядерных технологий,
Цзи Имань,,Кафедра математического моделирования энергетических систем,
Цылева Ирина Александровна,,Высшей математики,https://www.elibrary.ru/author_profile.asp?id=1236978
Чашников Михаил Викторович,,Теории управления,https://www.elibrary.ru/author_items.asp?authorid=552817&pubrole=100&show_refs=1&pubcat=risc
Чижова Ольга Николаевна,,Теории управления,https://www.elibrary.ru/author_items.asp?authorid=13763&pubrole=100&show_refs=1&pubcat=risc
"Чиркова, Анастасия Визвутовна",,Кафедра теории управления,
"Чмелевский, Михаил Петрович",,Кафедра диагностики функциональных систем,
"Шандов, Михаил Михайлович",,Кафедра информационных и ядерных технологий,
Шиманчук Дмитрий Викторович,,Механики управляемого движения,https://www.elibrary.ru/author_items.asp?authorid=708090&pubrole=100&show_refs=1&pubcat=risc
Шишкин Виктор Викторович,,Диагностики функциональных систем,https://www.elibrary.ru/author_items.asp?authorid=726886&pubrole=100&show_refs=1&pubcat=risc
Шишкин Виктор Иванович,,Диагностики функциональных систем,https://www.elibrary.ru/author_items.asp?authorid=637439&pubrole=100&show_refs=1&pubcat=risc
Шмыров Александр Сергеевич,,Механики управляемого движения,https://www.elibrary.ru/author_items.asp?authorid=7344&pubrole=100&show_refs=1&pubcat=risc
Шмыров Василий Александрович,,Теории систем управления электрофизической аппаратурой,https://www.elibrary.ru/author_items.asp?authorid=483173&pubrole=100&show_refs=1&pubcat=risc
Шувалов Глеб Михайлович,,Вычислительных методов механики деформируемого тела,https://www.elibrary.ru/author_items.asp?authorid=767733&pubrole=100&show_refs=1&pubcat=risc
Щеголева Надежда Львовна,,Фундаментальной информатики и распределенных систем,
Яковлев Павел Валентинович,,Теории управления,https://www.elibrary.ru/author_items.asp?authorid=488760&pubrole=100&show_refs=1&pubcat=risc
Якушев Виктор Петрович,,Факультет прикладной математики-процессов управления,https://www.elibrary.ru/author_items.asp?authorid=91031&pubrole=100&show_refs=1&pubcat=risc